{"acc": 49.0, "loss": 0.6925211548805237, "_timestamp": 1690914582.306329, "_runtime": 6.13683009147644, "_step": 9, "_wandb": {"runtime": 0}}