{"acc": 0.8874472151376583, "loss": 0.13710884662049624, "_timestamp": 1690914478.7603335, "_runtime": 110.8988835811615, "_step": 7, "_wandb": {"runtime": 1}}