{"acc": 50.0, "loss": 0.6925012469291687, "_timestamp": 1690914855.3752916, "_runtime": 7.675450563430786, "_step": 9, "_wandb": {"runtime": 0}}