{"acc": 51.87500000000001, "loss": 0.6941784024238586, "_timestamp": 1690914725.8384519, "_runtime": 5.668292760848999, "_step": 9, "_wandb": {"runtime": 0}}